DATE,recession,yield_curve,financial_conditions,leverage,sentiment
1982-01-31,0.0,-0.6267903285567771,3.1231554001547086,0.5945028125903685,-1.445753687631181
1982-02-28,0.0,-0.6535357235288077,3.348097854559903,0.47287519548801976,-1.8275489541660357
1982-03-31,0.0,-1.4024067827456659,3.4959142564208103,0.3533033126425699,-2.20934422070089
1982-04-30,0.0,-0.9299048049064578,3.6867182305228816,0.21247553675248582,-1.9123923467293367
1982-05-31,0.0,-0.02056137585741584,4.168313604327774,0.10481892916304217,-1.7427055616027345
1982-06-30,0.0,-0.6089600652420899,4.698483910903304,-0.00458405461551456,-1.8954236682166763
1982-07-31,0.0,1.2008116611986501,4.74817046514054,-0.1500522015223851,-1.9208766859856663
1982-08-31,0.0,2.0744945636183174,5.2088790566520045,-0.2741047867044738,-1.9208766859856663
1982-09-30,0.0,1.860531403842073,5.425776882022617,-0.40289753582844107,-1.589987454988793
1982-10-31,1.0,0.692649156730068,3.465008254329766,-0.5586443540198062,-1.2421295454792578
1982-11-30,1.0,0.416280075352418,1.9786679673019059,-0.667139222180024,-1.3524259558115501
1982-12-31,1.0,0.3538741537510133,1.2000502629419525,-0.7784781887053691,-1.3693946343242094
1983-01-31,1.0,0.6034978401566324,0.7173140144739742,-0.8501893846766094,-1.496659723169161
1983-02-28,1.0,0.2647228371775777,0.44821385996803964,-0.9079495297199631,-1.1403174744032976
1983-03-31,1.0,-0.09188242911616429,0.41148647177560554,-0.9519482303931052,-0.6142884405108309
1983-04-30,1.0,0.1131655990027373,0.25403114167144275,-0.9823850725462201,0.08991171776456763
1983-05-31,1.0,0.06858994071601972,0.08835566335376036,-0.9799601044664801,0.4462539665304323
1983-06-30,1.0,0.04184454574398905,0.11345490594166034,-0.9514592450601536,0.35292623471080165
1983-07-31,1.0,0.36278928540835664,0.23345151794115418,-0.8868034088929302,0.40383227024878177
1983-08-31,1.0,0.5143465235831969,0.2289318990835428,-0.8206806167268519,0.2426298243785105
1983-09-30,1.0,0.5678373135272582,0.24086720325121552,-0.7251488495361081,0.15778643181520943
1983-10-31,1.0,1.0225090280517795,0.405621205879482,-0.6402550081601908,0.10688039627722809
1983-11-30,1.0,0.5589221818699149,0.5347886949784009,-0.5489444817008462,0.25959850289116976
1983-12-31,1.0,0.6480734984433504,0.4569605657183684,-0.42544075760676453,0.5226130198374037
1984-01-31,1.0,0.576752445184602,0.20310132658340802,-0.32241454174159806,1.0231890359608793
1984-02-29,1.0,0.7015642883874114,0.08202234631380657,-0.2202166071546967,0.7941118760399674
1984-03-31,1.0,0.6034978401566324,0.342829219614998,-0.09477690031382668,1.0995480892678506
1984-04-30,0.0,0.853121526562252,0.9410424612248589,0.0033894000993506044,0.683815465707675
1984-05-31,0.0,1.7981254822406678,1.7040389586594755,0.09829247186201362,0.8535022508342771
1984-06-30,0.0,1.575247190807079,2.204385631414069,0.2103898646180592,0.6329094301696948
1984-07-31,0.0,0.28255310049226484,1.8623718846583204,0.2905136041745704,0.7262371619893255
1984-08-31,0.0,-0.029476507514759394,1.2271826026858654,0.37157539722694805,0.9383456433975782
1984-09-30,0.0,0.06858994071601972,0.9004390244975802,0.4211225845352153,1.091063750011521
1984-10-31,0.0,0.6034978401566324,0.5761088350196698,0.46191793231289846,0.7007841442203354
1984-11-30,0.0,0.9601031064503743,0.24456773260712386,0.5084314146983635,0.6498781086823553
1984-12-31,0.0,1.4860958742336439,0.003872431892390718,0.5446562465068248,0.4123166095051126
1985-01-31,0.0,0.9601031064503743,-0.1866828900395212,0.5789450955684977,0.6753311264513454
1985-02-28,0.0,1.1918965295413066,-0.12280853550492962,0.6080646711103957,0.4801913235557532
1985-03-31,0.0,1.2632175828000551,-0.005239938814055465,0.6316557186021872,0.4801913235557532
1985-04-30,0.0,1.361284031030834,-0.10903027995842511,0.6382620102432894,0.5565503768627235
1985-05-31,0.0,1.0135938963944355,-0.2981521952623567,0.6340507488043995,0.31898887768548073
1985-06-30,0.0,1.2810478461147423,-0.2679482698870575,0.6277538152310829,0.7177528227329959
1985-07-31,0.0,1.1473208712545888,-0.11205798579507732,0.6298993631205647,0.5056443413247432
1985-08-31,0.0,1.0135938963944355,0.1450044783554717,0.6576517755886999,0.3698949132234621
1985-09-30,0.0,1.1384057395972453,0.18225842408471482,0.696750643639816,0.3444418954544708
1985-10-31,0.0,0.7372248150167856,-0.015054386236247113,0.7341829698418927,0.030521342970257867
1985-11-30,0.0,0.3895346803803875,-0.10702643599890156,0.7522554685760864,0.2426298243785105
1985-12-31,0.0,-0.03839163917210295,-0.02077338614992366,0.7385439206684209,0.49716000206841365
1986-01-31,0.0,0.1131655990027373,-0.03285495630004333,0.7029178464105128,0.6413937694260244
1986-02-28,0.0,-0.7783475667316174,-0.08404805015648265,0.6751055581873222,0.6668467871950158
1986-03-31,0.0,-0.8050929617036481,-0.12476849966971902,0.6537997686801418,0.598972073144374
1986-04-30,0.0,-0.5911298019274028,-0.31958016169083775,0.639798821289709,0.6922998049640058
1986-05-31,0.0,-0.18103374568959965,-0.39850528581922257,0.6325738135130351,0.5735190553753838
1986-06-30,0.0,-0.4841482220392803,-0.29331079124336207,0.6359567936736601,0.9553143219102386
1986-07-31,0.0,-0.3415061155217836,-0.37056848317185137,0.6516841586681876,0.8195648938089574
1986-08-31,0.0,-0.1097126924308514,-0.5294572199039944,0.6973593804828783,0.5820033946317147
1986-09-30,0.0,0.30929849546429533,-0.42477465626669825,0.7544808508056421,0.32747321694181153
1986-10-31,0.0,0.2112320472335164,-0.4200502650336612,0.8319101813846643,0.6413937694260244
1986-11-30,0.0,-0.13645808740288187,-0.4436137148058679,0.8801899985442609,0.28505152066016104
1986-12-31,0.0,-0.32367585220709655,-0.35836990023577414,0.9081419968625806,0.08991171776456763
1987-01-31,0.0,-0.3058455888924094,-0.3440358339559711,0.9107565714999958,0.20020812809685998
1987-02-28,0.0,-0.15428835071756897,-0.27988357405473024,0.8862773669748839,0.18323944958419952
1987-03-31,0.0,-0.03839163917210295,0.10513237154042777,0.8437955187631431,0.23414548512217967
1987-04-30,0.0,0.6659037617580371,0.8695183958082907,0.7968928439698185,0.40383227024878177
1987-05-31,0.0,0.7639702099888165,1.329378644621563,0.7529240811742041,0.25959850289116976
1987-06-30,0.0,0.6302432351286633,1.000499583089552,0.7352906713104159,0.29353585991649067
1987-07-31,0.0,0.5589221818699149,0.4914208311828744,0.7333047921010815,0.4801913235557532
1987-08-31,0.0,0.7015642883874114,0.4535379417291093,0.7441622623511107,0.5395816983500642
1987-09-30,0.0,0.9244425798210001,1.1304861616901738,0.7613865212220209,0.47170698429942237
1987-10-31,0.0,1.4860958742336439,2.053073472572679,0.7821234910561758,0.10688039627722809
1987-11-30,0.0,1.6109077174364532,1.9910420694169193,0.7906857240290849,-0.4191486376152387
1987-12-31,0.0,1.0759998179958408,1.6248213025661968,0.7908653512942507,-0.10522808513102454
1988-01-31,0.0,0.6034978401566324,0.9207699960577089,0.7847879621561371,0.23414548512217967
1988-02-29,0.0,0.5321767868978841,0.5743682698285508,0.7808361623224866,0.30202019917282025
1988-03-31,0.0,0.8352912632475649,0.5799263771615357,0.781125561805254,0.5565503768627235
1988-04-30,0.0,0.8442063949049082,0.7768442693298908,0.7879214600040314,0.26808284214750056
1988-05-31,0.0,0.6837340250727243,0.7516133873577886,0.7962342106642101,0.5735190553753838
1988-06-30,0.0,0.25580770552023396,0.7788773664859038,0.8037186800461236,0.5650347161190542
1988-07-31,0.0,0.15774125728945507,0.9708075886528172,0.8061037309558267,0.4547383057867631
1988-08-31,0.0,-0.0473067708294465,0.9526706068293929,0.798928619641699,0.7941118760399674
1988-09-30,0.0,-0.3415061155217836,0.7603600931081174,0.780846141614996,0.7856275367836365
1988-10-31,0.0,-0.6535357235288077,0.663605145719447,0.7671944694623858,0.5141286805810729
1988-11-30,0.0,-0.7159416451302126,0.6058447092511386,0.7626239534931639,0.4208009487614422
1988-12-31,0.0,-0.8853291466197399,0.6033581875495403,0.7725733081248543,0.32747321694181153
1989-01-31,0.0,-1.2865100712001996,0.6621424858949773,0.7872328888208955,0.8365335723216178
1989-02-28,0.0,-1.3132554661722302,0.9846150973958111,0.7997369423349456,0.6244250909133652
1989-03-31,0.0,-1.5093883626337883,1.492626107630626,0.8053053875550893,0.5310973590937333
1989-04-30,0.0,-1.295425202857543,1.3227820488132047,0.8005253064431738,0.29353585991649067
1989-05-31,0.0,-1.8570784972701868,0.8784698739340453,0.7900071321384581,0.22566114586585004
1989-06-30,0.0,-1.7144363907526898,0.7763908447843052,0.7768045281487627,0.2171768066095192
1989-07-31,0.0,-1.7679271806967511,0.6691193732576978,0.774299725728949,0.33595755619814116
1989-08-31,0.0,-1.4826429676617576,0.7033017333555546,0.7833808819123373,0.13233341404621818
1989-09-30,0.0,-1.455897572689727,0.9481071081770474,0.8042475825491121,0.6583624479386849
1989-10-31,0.0,-1.6787758641233157,0.8223183632726537,0.8127000433044197,0.49716000206841365
1989-11-30,0.0,-1.571794284235193,0.5039119460838456,0.7994076256821414,0.2426298243785105
1989-12-31,0.0,-1.455897572689727,0.4043486918321934,0.7529440397592225,0.20869246735318958
1990-01-31,0.0,-1.1884436229694206,0.47938314082748873,0.7109511768804332,0.4208009487614422
1990-02-28,0.0,-1.1527830963400465,0.43649795477403736,0.6859231112673145,0.12384907478988855
1990-03-31,0.0,-1.0547166481092676,0.4657072714686971,0.6865917238654321,0.2765671814038302
1990-04-30,0.0,-0.707026513472869,0.5335600607258463,0.698626750631549,0.49716000206841365
1990-05-31,0.0,-1.0458015164519237,0.3353404013137132,0.7022592131049044,0.2171768066095192
1990-06-30,0.0,-1.1884436229694206,0.10750188045606865,0.6832785987523717,0.02203700371392704
1990-07-31,0.0,-1.0190561214798932,0.23109663562375796,0.6507361258798119,0.013552664457597417
1990-08-31,0.0,-0.4752330903819368,0.5884244307417046,0.59639887816712,-0.9875993677893548
1990-09-30,0.0,-0.27910019392037877,0.8824775618530922,0.5462928504783365,-1.2930355810172391
1990-10-31,0.0,-0.40391203712318835,0.9792910156347413,0.4887921670402225,-2.0481417748306185
1990-11-30,0.0,-0.6624508551861512,0.978779084696177,0.39854942487936423,-1.869970650447686
1990-12-31,0.0,-0.27910019392037877,1.1131390161719632,0.30731873276009347,-1.9123923467293367
1991-01-31,0.0,-0.09188242911616429,0.9559908446309391,0.19974195951072365,-1.8020959363970455
1991-02-28,0.0,0.03292941408664549,0.4848388619727607,0.07763533636793239,-1.496659723169161
1991-03-31,0.0,0.32712875877898245,0.13823236336817696,-0.09257147666928951,-0.028869031824053107
1991-04-30,0.0,0.5143465235831969,0.030405081108271025,-0.23419759596011114,-0.5294450479475298
1991-05-31,0.0,0.5232616552405407,0.044197963253020243,-0.4021091717202129,-0.8263969219190834
1991-06-30,0.0,0.6837340250727243,0.02405713747007253,-0.5223197292862527,-0.5039920301785397
1991-07-31,0.0,0.6569886301006937,-0.23653033685744843,-0.6246773325533015,-0.4361173161278979
1991-08-31,0.0,0.5054313919258535,-0.44393549996725123,-0.7224444612661101,-0.5124763694348693
1991-09-30,0.0,0.3984498120377309,-0.4728961644917513,-0.7819709410835953,-0.4276329768715683
1991-10-31,0.0,0.6659037617580371,-0.5092578877280679,-0.838264130128094,-0.8263969219190834
1991-11-30,0.0,1.0225090280517795,-0.5742877435239907,-0.9223696073957831,-1.6069561335014533
1991-12-31,0.0,0.8798669215342825,-0.6327210035115549,-1.0027128913874972,-1.6833151868084235
1992-01-31,0.0,1.4326050842895826,-0.6040528709519489,-1.1035636214856541,-1.7427055616027345
1992-02-29,0.0,1.3167083727441165,-0.6039943645589702,-1.169806165161843,-1.6324091512704435
1992-03-31,0.0,1.4504353476042697,-0.621473149461383,-1.2172976182132114,-1.0215367248146756
1992-04-30,0.0,1.8337860088700422,-0.7435613650098686,-1.2475747916861788,-0.9197246537387141
1992-05-31,0.0,1.5841623224644228,-0.8972430327668994,-1.2683816165678983,-0.7500378686121121
1992-06-30,0.0,1.5395866641777052,-0.9749395226427297,-1.277981695961766,-0.6482257975361505
1992-07-31,0.0,1.521756400863018,-1.0134659824192616,-1.2903161015031592,-0.9706306892766955
1992-08-31,0.0,1.4504353476042697,-0.9613221596769167,-1.3041374216284263,-1.013052385558346
1992-09-30,0.0,1.6554833757231713,-0.8181862692543124,-1.3192859876574192,-1.0554740818399966
1992-10-31,0.0,1.7892103505833246,-0.6052815052045034,-1.3309418013081857,-1.2506138847355888
1992-11-30,0.0,1.6109077174364532,-0.6860349541134753,-1.3270299186445724,-0.2324931739759761
1992-12-31,0.0,1.593077454121766,-0.9297287074683713,-1.3101649143039937,0.2511141636348401
1993-01-31,0.0,1.4860958742336439,-1.0393404347141304,-1.2801571817287756,0.10688039627722809
1993-02-28,0.0,1.1205754762825584,-1.0451325676190304,-1.25930046038451,-0.122196763643685
1993-03-31,0.0,1.1740662662266197,-1.0795928330835363,-1.2448205069536344,-0.18158713843799476
1993-04-30,0.0,1.1740662662266197,-1.1130584898674027,-1.231338482773681,-0.20704015620698604
1993-05-31,0.0,1.1294906079399016,-1.0893926539074834,-1.218564988361882,-0.6567101367924814
1993-06-30,0.0,0.8352912632475649,-1.1573478293523454,-1.2016900047287944,-0.5548980657165199
1993-07-31,0.0,0.8620366582195954,-1.2714938020539606,-1.1767218148707312,-0.9366933322513746
1993-08-31,0.0,0.5410919185552278,-1.26355155920709,-1.1565636440021108,-0.9112403144823845
1993-09-30,0.0,0.5856675768419454,-1.209096733942083,-1.136754748371313,-0.8603342789444032
1993-10-31,0.0,0.5054313919258535,-1.0971886307719068,-1.1074156283942123,-0.4530859946405584
1993-11-30,0.0,0.7639702099888165,-1.03525961380386,-1.0744041287737192,-0.5803510834855099
1993-12-31,0.0,0.8887820531916258,-1.138391758027218,-1.0193783098778912,0.013552664457597417
1994-01-31,1.0,0.7907156049608469,-1.1467435456249402,-0.969012820583868,0.5310973590937333
1994-02-28,1.0,0.8174609999328778,-0.9942466323257296,-0.9183279939295498,0.4377696272741027
1994-03-31,1.0,1.2899629777720856,-0.7780508836708638,-0.8687009722812089,0.29353585991649067
1994-04-30,1.0,1.182981397883963,-0.6920611125902905,-0.8057316365480434,0.38686359173612134
1994-05-31,1.0,0.9779333697650614,-0.7253805033917101,-0.7520230842634322,0.40383227024878177
1994-06-30,1.0,1.1740662662266197,-0.7048008796614215,-0.6952508891784911,0.26808284214750056
1994-07-31,1.0,0.8620366582195954,-0.7662325922891488,-0.6256553032192048,0.08142737850823802
1994-08-31,1.0,0.6659037617580371,-0.8342170209305002,-0.576537225488834,0.3105045384291511
1994-09-30,1.0,0.9422728431356872,-0.6360558679113459,-0.522698942401603,0.29353585991649067
1994-10-31,0.0,0.7550550783314727,-0.5011693788987505,-0.47919920635392177,0.39534793099245213
1994-11-30,0.0,0.38061954872304377,-0.375892564932921,-0.42846448323705755,0.30202019917282025
1994-12-31,0.0,0.3538741537510133,-0.21318628605891213,-0.35326053488759085,0.598972073144374
1995-01-31,0.0,-0.1453732190602254,-0.39217196877926885,-0.2929656495468958,0.8110805545526266
1995-02-28,0.0,-0.430657432095219,-0.583049075872564,-0.2454442586179998,0.598972073144374
1995-03-31,0.0,-0.39499690546584476,-0.598933561566305,-0.2137101084386866,0.19172378884052915
1995-04-30,0.0,-0.5019784853539675,-0.6557578957469526,-0.2109558237061424,0.3783792524797917
1995-05-31,0.0,-1.1349528330253593,-0.7468816028114148,-0.22557548723214677,0.1493020925588786
1995-06-30,0.0,-1.0279712531372367,-0.679145826340223,-0.26030342516422533,0.39534793099245213
1995-07-31,0.0,-0.8140080933609916,-0.6842797623241117,-0.2888242431555703,0.5395816983500642
1995-08-31,0.0,-0.8318383566756787,-0.7298562424545874,-0.3062081707066281,0.6922998049640058
1995-09-30,0.0,-0.8853291466197399,-0.708062611069989,-0.30858324232382195,0.0729430392519084
1995-10-31,0.0,-1.081462043081298,-0.7274136005477231,-0.3001307815685143,0.18323944958419952
1995-11-30,0.0,-1.3221705978295737,-0.7998737682519518,-0.2893232077810312,0.013552664457597417
1995-12-31,0.0,-1.1438679646827028,-0.7744234873061789,-0.27999256928491245,0.2511141636348401
1996-01-31,0.0,-1.081462043081298,-0.8568151152185571,-0.2791243708366105,0.10688039627722809
1996-02-29,0.0,-0.5822146702700592,-0.8959705187196108,-0.2842936443563854,0.03900568222658749
1996-03-31,0.0,-0.4930633536966239,-0.7222065315726109,-0.29408333030792827,0.4801913235557532
1996-04-30,0.0,-0.21669427231897387,-0.6746554606791011,-0.2965581948502143,0.39534793099245213
1996-05-31,0.0,-0.08296729745882073,-0.7298416158563428,-0.2827568333099658,0.11536473553355892
1996-06-30,0.0,-0.18994887734694318,-0.6876000001256579,-0.25819779444478036,0.3698949132234621
1996-07-31,0.0,-0.2523547989483481,-0.7073751609524881,-0.22879879871262418,0.5650347161190542
1996-08-31,0.0,-0.08296729745882073,-0.7709277303256964,-0.19743388235615203,0.6159407516570344
1996-09-30,0.0,-0.16320348237491253,-0.7247954394619224,-0.18045910579797228,0.5650347161190542
1996-10-31,0.0,-0.5019784853539675,-0.7934234384260405,-0.16886316790226097,0.7177528227329959
1996-11-30,0.0,-0.7426870401022432,-0.8130669598686684,-0.15597990127286057,0.9468299826539089
1996-12-31,0.0,-0.4841482220392803,-0.6871026957853382,-0.14269746294309144,0.7516901797583168
1997-01-31,0.0,-0.3415061155217836,-0.6866346446415079,-0.11914633262133699,0.7941118760399674
1997-02-28,0.0,-0.3771666421511577,-0.737696099113745,-0.09481681748386356,0.9892516789355595
1997-03-31,0.0,-0.1721186140322561,-0.6593852921116374,-0.06829185799436216,1.0147046967045497
1997-04-30,0.0,-0.2880153255777223,-0.5758674161344179,-0.04454114182242335,1.1334854462931716
1997-05-31,0.0,-0.0473067708294465,-0.5621915467756263,-0.02576011332007512,1.2862035529071132
1997-06-30,0.0,-0.44848769540990613,-0.5779297664869202,-0.01999208224974712,1.3964999632394044
1997-07-31,0.0,-0.8853291466197399,-0.6091429271411034,-0.017726782850154645,1.6170927839039866
1997-08-31,0.0,-0.5911298019274028,-0.5862961806828868,-0.010721319508683621,1.3880156239830748
1997-09-30,0.0,-0.6267903285567771,-0.5369314116070346,0.0024014501409380332,1.523765052084356
1997-10-31,0.0,-1.0101409898225495,-0.3816700712395763,0.028766740950291927,1.489827695059035
1997-11-30,0.0,-1.0012258581652063,-0.3329927522812249,0.05581062365027267,1.6255771231603173
1997-12-31,0.0,-1.2241041495987948,-0.3991488561419892,0.08476055121951405,1.1928758210874812
1998-01-31,0.0,-1.2686798078855124,-0.5390668949507602,0.11491797318237078,1.574671087622336
1998-02-28,0.0,-1.3043403345148867,-0.6065247660553027,0.12675341409830332,1.897075979362881
1998-03-31,0.0,-1.1171225697106721,-0.5710991451066466,0.1269729585335061,1.5661867483660064
1998-04-30,0.0,-0.9655653315358319,-0.5357320305509694,0.1212548239257242,1.752842212005269
1998-05-31,0.0,-1.0992923063959852,-0.4903018164029407,0.11502774539997218,1.5661867483660064
1998-06-30,0.0,-1.2686798078855124,-0.45968834627678995,0.11306182477565624,1.489827695059035
1998-07-31,0.0,-1.215189017941451,-0.40271774611369526,0.11401983685654116,1.4558903380337154
1998-08-31,0.0,-1.491558099319101,-0.08590562813355923,0.11794169881266384,1.3880156239830748
1998-09-30,0.0,-1.5093883626337883,0.26472318498831626,0.1267035176357572,1.091063750011521
1998-10-31,0.0,-1.295425202857543,0.35091772844431546,0.15085340550806473,0.7941118760399674
1998-11-30,0.0,-1.4202370460603528,0.17880654689896633,0.1854116954674866,1.2437818566254626
1998-12-31,0.0,-1.4202370460603528,0.07279296282140277,0.23104700011214044,1.0571263929862
1999-01-31,0.0,-1.4113219144030094,-0.04999732944282818,0.285733523062655,1.3455939277014242
1999-02-28,0.0,-1.0101409898225495,-0.17294851428775077,0.3104821684855156,1.7019361764672876
1999-03-31,0.0,-0.8942442782770835,-0.2375688253328219,0.31513251879481113,1.4983120343153657
1999-04-30,0.0,-0.8496686199903657,-0.27153178645700826,0.3096039907447044,1.404984302495734
1999-05-31,0.0,-0.6981113818155255,-0.2246681656809992,0.31478324355698856,1.5916397661349966
1999-06-30,0.0,-0.6535357235288077,-0.11681163022460388,0.3355800891461988,1.634061462416647
1999-07-31,0.0,-0.5287238803259982,0.06833185035677021,0.37504819102015596,1.523765052084356
1999-08-31,0.0,-0.6802811185008384,0.15133779539542544,0.4042076837320909,1.3964999632394044
1999-09-30,0.0,-0.6624508551861512,0.2250558505486981,0.42362738695502905,1.6255771231603173
1999-10-31,0.0,-0.7694324350742738,0.22682566893630646,0.4347443188102979,1.2862035529071132
1999-11-30,0.0,-0.7872626983889609,0.11831093655889971,0.43933479336453823,1.6255771231603173
1999-12-31,0.0,-0.5732995386127157,0.13818848357344288,0.4492342515336824,1.4728590165463757
2000-01-31,0.0,-0.7516021717595867,0.06324179416761569,0.4668377235199429,2.0328254074641623
2000-02-29,0.0,-1.0012258581652063,0.09369437171307476,0.4968953525577075,1.9734350326698513
2000-03-31,0.0,-1.43806730937504,0.24930675043840567,0.549246721061065,1.6170927839039866
2000-04-30,0.0,-1.2062738862841078,0.33248821465599726,0.5926566434761633,1.7952639082869195
2000-05-31,0.0,-0.9833955948505191,0.4405348958895737,0.6264964243749215,1.922528997131871
2000-06-30,0.0,-1.43806730937504,0.3820431295090306,0.6501273890367496,1.5577024091096767
2000-07-31,0.0,-1.7768423123540946,0.20368639051319587,0.656414343317557,1.7189048549799482
2000-08-31,0.0,-2.0888719203611186,0.0872732950836528,0.655087097413831,1.634061462416647
2000-09-30,0.0,-1.9551449455009657,0.08317784757513765,0.6464949265633942,1.5916397661349966
2000-10-31,1.0,-2.1156173153331497,0.12775971902497393,0.6363060689114828,1.5067963735716954
2000-11-30,1.0,-2.222598895221272,0.20276491482377998,0.6245005658730779,1.6595144801856372
2000-12-31,1.0,-2.258259421850646,0.24981868137697005,0.6084239256407277,0.8789552686032683
2001-01-31,1.0,-1.3934916510883222,0.027874679611938437,0.59639887816712,0.5650347161190542
2001-02-28,1.0,-1.5093883626337883,-0.04490727325367366,0.587567204296462,0.2171768066095192
2001-03-31,1.0,-1.0101409898225495,0.0029655828012195335,0.5814099808182747,0.29353585991649067
2001-04-30,1.0,-0.32367585220709655,-0.12299868128211071,0.5768594234340713,0.030521342970257867
2001-05-31,1.0,0.03292941408664549,-0.24584747993932046,0.5672693233327127,0.33595755619814116
2001-06-30,1.0,0.006184019114614828,-0.3060651849127378,0.5421314855019926,0.38686359173612134
2001-07-31,1.0,-0.2077791406616303,-0.3679942018807847,0.5093894267792484,0.3698949132234621
2001-08-31,1.0,-0.2523547989483481,-0.2720583439938174,0.45423387708080065,0.29353585991649067
2001-09-30,1.0,0.3895346803803875,-0.11182396022316218,0.40510582005792045,-0.5294450479475298
2001-10-31,1.0,0.4341103386671051,-0.20587298693656364,0.3637216940221935,-0.4530859946405584
2001-11-30,1.0,1.1027452129678712,-0.1721147981878031,0.3395618268573768,-0.35127392356459686
2001-12-31,1.0,1.3969445576602084,-0.14366606460186748,0.34243586310003155,0.06445869999557756
2002-01-31,1.0,1.3791142943455212,-0.3191267371452522,0.35285424447965513,0.4208009487614422
2002-02-28,1.0,1.182981397883963,-0.34789725589257114,0.35697569228596215,0.22566114586585004
2002-03-31,1.0,1.6643985073805145,-0.3693398489192968,0.34442174230936595,0.6498781086823553
2002-04-30,1.0,1.4058596893175517,-0.4846120696857535,0.32320576643476856,0.4208009487614422
2002-05-31,1.0,1.4058596893175517,-0.5420653475909232,0.2931082202269671,0.7516901797583168
2002-06-30,1.0,1.245387319485368,-0.421600684447599,0.2727604428006716,0.3698949132234621
2002-07-31,0.0,0.9244425798210001,-0.2729359398884992,0.2590289363079877,0.005068325201266589
2002-08-31,0.0,0.6124129718139762,-0.2199876542426962,0.2517540320687678,-0.03735337108038394
2002-09-30,0.0,0.2647228371775777,-0.15421184193629398,0.2506163927227169,-0.16461845992533553
2002-10-31,0.0,0.6480734984433504,-0.2035619844139015,0.2472932883171473,-0.6312571190234912
2002-11-30,0.0,1.1027452129678712,-0.3042076069356613,0.23113681374472342,-0.3258209057956068
2002-12-31,0.0,0.7550550783314727,-0.31472413107359837,0.20700688445743431,-0.11371242438735416
2003-01-31,0.0,0.9422728431356872,-0.41345366922530286,0.16799783003890126,-0.47853901240954844
2003-02-28,0.0,0.6659037617580371,-0.42478928286494305,0.13387862894988498,-0.6906474938178011
2003-03-31,0.0,0.8263761315902212,-0.49612320250433006,0.09880141577998375,-0.8857872967133944
2003-04-30,0.0,0.8887820531916258,-0.6530373484734391,0.0645924010583845,-0.17310279918166513
2003-05-31,0.0,0.44302547032444844,-0.6922658849657163,0.02599249763272935,0.3444418954544708
2003-06-30,0.0,0.7818004733035036,-0.6957908951426882,0.00025590225145616797,0.140817753302549
2003-07-31,0.0,1.575247190807079,-0.6827147163119291,-0.01666897784417753,0.2426298243785105
2003-08-31,0.0,1.521756400863018,-0.5989920679592837,-0.01771680355764543,0.10688039627722809
2003-09-30,0.0,1.1116603446252145,-0.6279527324837838,-0.0012409916249265308,-0.028869031824053107
2003-10-31,0.0,1.4326050842895826,-0.6778733122929345,0.034904005843461004,0.13233341404621818
2003-11-30,0.0,1.4682656109189567,-0.6789849337595315,0.07064983161147981,0.4801913235557532
2003-12-31,0.0,1.3880294260028645,-0.6884775960203398,0.10940940371728246,0.38686359173612134
2004-01-31,0.0,1.3167083727441165,-0.7861686456966708,0.15769920016938832,1.3371095884450934
2004-02-29,0.0,1.1294906079399016,-0.8305164915745918,0.19299595777449227,0.5395816983500642
2004-03-31,0.0,1.0225090280517795,-0.816314064678991,0.22577793366727333,0.6583624479386849
2004-04-30,0.0,1.593077454121766,-0.7123335777574404,0.26768098291347964,0.5226130198374037
2004-05-31,0.0,1.619822849093797,-0.6378110597007095,0.3056422116185449,0.18323944958419952
2004-06-30,0.0,1.361284031030834,-0.6277333335101132,0.34863300374825595,0.6413937694260244
2004-07-31,0.0,1.1473208712545888,-0.6400928090268823,0.4072114507773655,0.7347215012456564
2004-08-31,0.0,0.692649156730068,-0.6576154737240292,0.4550022826040104,0.6668467871950158
2004-09-30,0.0,0.5945827084992891,-0.6658209953393042,0.502364004852759,0.5226130198374037
2004-10-31,0.0,0.3360438904363262,-0.6685415426128177,0.5621699048605023,0.3105045384291511
2004-11-30,0.0,0.32712875877898245,-0.6870880691870935,0.6124854976919794,0.40383227024878177
2004-12-31,0.0,0.22906231054820353,-0.6564014660697194,0.6801949973670234,0.768658858270976
2005-01-31,0.0,-0.11862782408819494,-0.6660696475094641,0.7381946454305983,0.6329094301696948
2005-02-28,0.0,-0.1453732190602254,-0.688316703439648,0.7987789302540607,0.5141286805810729
2005-03-31,0.0,-0.0473067708294465,-0.6123461521566921,0.8609100054164519,0.38686359173612134
2005-04-30,0.0,-0.40391203712318835,-0.5371654371789497,0.9398561884568752,-0.028869031824053107
2005-05-31,0.0,-0.6713659868434948,-0.5265172736568103,1.0050509064195965,-0.09674374587469371
2005-06-30,0.0,-0.8496686199903657,-0.5344448899054361,1.0747762231815023,0.6753311264513454
2005-07-31,0.0,-0.8050929617036481,-0.5525379919341262,1.1731321301523547,0.7177528227329959
2005-08-31,0.0,-1.1260377013680158,-0.526488020460321,1.2631653071705196,0.08991171776456763
2005-09-30,0.0,-0.8674988833050529,-0.4677037221148838,1.3855014540410229,-0.9451776715077043
2005-10-31,0.0,-1.0458015164519237,-0.4974981027393315,1.4800253126883354,-1.1742548314286172
2005-11-30,0.0,-1.0903771747386415,-0.4947629288675733,1.561077126448204,-0.5464137264601903
2005-12-31,0.0,-1.295425202857543,-0.4752803000056369,1.6437056684245288,0.29353585991649067
2006-01-31,0.0,-1.5183034942911318,-0.5491007413466225,1.7065452733550743,0.26808284214750056
2006-02-28,0.0,-1.634200205836598,-0.5909620655229452,1.77908475060458,-0.11371242438735416
2006-03-31,0.0,-1.3667462561162915,-0.5697242448716452,1.8878989561250927,0.0729430392519084
2006-04-30,0.0,-1.3043403345148867,-0.5673108561612702,1.9794589648971679,-0.05432204959304318
2006-05-31,0.0,-1.3400008611442609,-0.523635833802605,2.0614987286154487,-0.7585222078684428
2006-06-30,0.0,-1.4469824410323835,-0.4311079733066521,2.1421813085524763,-0.2664305310012958
2006-07-31,0.0,-1.6698607324659722,-0.4731886964566452,2.191508951425541,-0.28339920951395625
2006-08-31,0.0,-1.848163365612843,-0.5501977362149747,2.2326535744410467,-0.5124763694348693
2006-09-30,0.0,-1.794672575668782,-0.5454733449819376,2.2786780714935597,-0.22400883471964528
2006-10-31,0.0,-1.9908054721303399,-0.5894408993054966,2.3142642285814308,0.47170698429942237
2006-11-30,0.0,-2.0799567887037753,-0.5897773110651248,2.3500000750569408,0.3444418954544708
2006-12-31,0.0,-1.848163365612843,-0.59337545423332,2.3942282994577946,0.3105045384291511
2007-01-31,0.0,-1.830333102298156,-0.668965713961914,2.4285071692269584,0.7516901797583168
2007-02-28,0.0,-2.106702183675806,-0.6454607705826859,2.4617781304526916,0.2765671814038302
2007-03-31,0.0,-1.9194844188715914,-0.5506657873588049,2.501954762094803,0.030521342970257867
2007-04-30,0.0,-1.8214179706408125,-0.527541135533939,2.531703033064782,-0.07977506736203446
2007-05-31,0.0,-1.4202370460603528,-0.4616336838433346,2.557569359248675,0.02203700371392704
2007-06-30,0.0,-1.3845765194309787,-0.40160612464709833,2.5825375491067377,-0.2324931739759761
2007-07-31,0.0,-1.732266654067377,-0.0926046101296304,2.5947921203080577,0.20020812809685998
2007-08-31,0.0,-1.0992923063959852,0.8806346104742603,2.599282801937206,-0.3936956198462474
2007-09-30,0.0,-0.8853291466197399,0.5852650855208501,2.5964786207421153,-0.3936956198462474
2007-10-31,0.0,-1.0903771747386415,0.43085208785158424,2.591089802787138,-0.6058041012545
2007-11-30,0.0,-0.8407534883330222,1.2776297400318253,2.582547528399247,-1.013052385558346
2007-12-31,0.0,-0.9655653315358319,1.2680493181815486,2.570761983945861,-1.0639584210963262
2008-01-31,0.0,-0.0473067708294465,1.0317712501367142,2.5462528415432217,-0.8179125826627527
2008-02-29,0.0,-0.07405216580147717,1.5359793448279075,2.4855887223796858,-1.4627223661438413
2008-03-31,0.0,0.2736379688349211,1.7582451317543226,2.4126600527223205,-1.5730187764761325
2008-04-30,0.0,0.5143465235831969,1.2664696455711215,2.3286044719171772,-2.1584381851629098
2008-05-31,0.0,0.36278928540835664,0.9966089079564626,2.2283524993695734,-2.3959996843401528
2008-06-30,0.0,0.2914682321496082,1.3843307742268895,2.160583123939474,-2.684467219055376
2008-07-31,0.0,0.48760112861116645,1.331982179109119,2.1027930410185927,-2.277218934751531
2008-08-31,0.0,0.30929849546429533,1.5206067900727311,2.03596171908436,-2.1245008281375894
2008-09-30,0.0,1.0403392913664664,3.1429013077850496,1.9760460468590153,-1.505144062425492
2008-10-31,0.0,1.593077454121766,4.212471304428514,1.8690879897452168,-2.582655147979415
2008-11-30,0.0,1.0314241597091227,4.530980107805035,1.7421314304429458,-2.7777949508750077
2008-12-31,0.0,0.3360438904363262,3.882787779993045,1.577932151496273,-2.3705466665711623
2009-01-31,0.0,0.7728853416461599,3.058739861485063,1.3398861079813873,-2.277218934751531
2009-02-28,0.0,0.8887820531916258,3.095672022052923,1.141278228462931,-2.6929515583117065
2009-03-31,0.0,0.6569886301006937,2.8855609382678513,0.9405647182250297,-2.6081081657484053
2009-04-30,0.0,1.1205754762825584,2.1635189159183854,0.7363584556089021,-1.9463297037546576
2009-05-31,0.0,1.3969445576602084,1.4950541229392453,0.4725758167127433,-1.6408934905267731
2009-06-30,0.0,1.4058596893175517,1.389420830416044,0.2562746515754435,-1.4627223661438413
2009-07-31,0.0,1.4058596893175517,0.8669002347224899,0.0017727547128572948,-1.869970650447686
2009-08-31,0.0,1.32562350440146,0.6244204890219038,-0.16836420327680007,-1.8954236682166763
2009-09-30,0.0,1.2543024511427114,0.43541558650392975,-0.30361355465423134,-1.2336452062229282
2009-10-31,0.0,1.4236899526322389,0.35137115298990107,-0.4359190147414434,-1.4796910446565017
2009-11-30,0.0,1.2364721878280243,0.2611104152218761,-0.5282873462067651,-1.7511899008590641
2009-12-31,0.0,1.8070406138980113,0.11617545321517397,-0.6194581625709805,-1.3184885987862294
2010-01-31,0.0,1.593077454121766,0.055913868447022494,-0.7396188236744742,-1.1572861529159568
2010-02-28,0.0,1.5306715325203615,-0.045492337183461476,-0.8414575037310438,-1.2251608669665985
2010-03-31,0.0,1.7089741656672326,-0.29633849708001436,-0.9420687308089793,-1.2251608669665985
2010-04-30,0.0,1.575247190807079,-0.20563896136464851,-1.0485477818823352,-1.3439416165552194
2010-05-31,0.0,1.2364721878280243,0.24999420055590643,-1.105569459280007,-1.2251608669665985
2010-06-30,0.0,0.9155274481636567,0.2157972138598049,-1.1380121392274745,-1.0215367248146756
2010-07-31,0.0,0.9155274481636567,-0.06414124994545015,-1.1657845102806281,-1.7172525438337445
2010-08-31,0.0,0.5054313919258535,-0.07060620636960618,-1.1994845810842574,-1.6239248120141125
2010-09-30,0.0,0.5410919185552278,-0.16973066267391745,-1.2493810436303472,-1.6833151868084235
2010-10-31,0.0,0.6659037617580371,-0.3167572282296113,-1.3192061533173454,-1.7257368830900741
2010-11-30,0.0,0.7818004733035036,-0.30701591379864307,-1.3620272974743997,-1.3948476520932007
2010-12-31,0.0,1.2632175828000551,-0.4106307357640763,-1.3877838514406915,-1.1488018136596272
2011-01-31,0.0,1.3434537677161469,-0.5096089260859407,-1.3925739118451161,-1.1742548314286172
2011-02-28,0.0,1.3434537677161469,-0.48840035863112996,-1.3945098945919043,-0.894271635969724
2011-03-31,0.0,1.4415202159469258,-0.4329362980872392,-1.4000484019345203,-1.7427055616027345
2011-04-30,0.0,1.3523688993734904,-0.5081608928597156,-1.4148077755556538,-1.5475657587071423
2011-05-31,0.0,1.0938300813105277,-0.45642661486822245,-1.432042013719073,-1.1657704921722876
2011-06-30,0.0,1.2364721878280243,-0.35777020970774154,-1.451950702274963,-1.4033319913495303
2011-07-31,0.0,0.853121526562252,-0.1811979156977599,-1.4779367799689667,-2.0651104533432783
2011-08-31,0.0,0.3984498120377309,0.25702959431160566,-1.4992525487686563,-2.735373254593357
2011-09-30,0.0,0.12208073066008085,0.4242262388467366,-1.5279330354401488,-2.4214527021091428
2011-10-31,0.0,0.3538741537510133,0.29700408731436245,-1.5518234617072166,-2.311156291776852
2011-11-30,0.0,0.2736379688349211,0.3835204159317449,-1.574097242587791,-2.0651104533432783
2011-12-31,0.0,0.09533533568805039,0.24613277861930646,-1.5953231977548978,-1.5390814194508116
2012-01-31,0.0,0.006184019114614828,-0.05633064648278196,-1.6017997585933803,-1.1063801173779766
2012-02-29,0.0,0.12208073066008085,-0.1790331791575447,-1.594185558408847,-1.0809270996089866
2012-03-31,0.0,0.3538741537510133,-0.23928013732745146,-1.565804450512631,-1.0045680463020152
2012-04-30,0.0,0.07750507237336328,-0.1463573586788917,-1.5372037981812123,-0.9875993677893548
2012-05-31,0.0,-0.21669427231897387,0.036592132165777815,-1.5137724193695685,-0.7415535293557824
2012-06-30,0.0,-0.16320348237491253,0.0021172401030270737,-1.4973964003619418,-1.2590982239919184
2012-07-31,0.0,-0.32367585220709655,-0.12001485524019247,-1.493294911140653,-1.3354572772988897
2012-08-31,0.0,-0.2523547989483481,-0.26126391448923103,-1.4957897342679576,-1.1657704921722876
2012-09-30,0.0,-0.18994887734694318,-0.36656079525280444,-1.5017074547259237,-0.8263969219190834
2012-10-31,0.0,-0.13645808740288187,-0.39752530373682793,-1.508673000897358,-0.4615703338968892
2012-11-30,0.0,-0.19886400900428675,-0.4200502650336612,-1.515119623858313,-0.4530859946405584
2012-12-31,0.0,-0.029476507514759394,-0.4851825070172967,-1.515628567776283,-1.2845512417609084
2013-01-31,1.0,0.16665638894679863,-0.5609629125230716,-1.5076052165988716,-1.2081921884539382
